{"cameraMode":{"drawMode":0,"name":"Shaded","section":"Shading Mode"},"sceneLighting":true,"audioPlay":false,"sceneViewState":{"m_AlwaysRefresh":false,"showFog":true,"showSkybox":true,"showFlares":true,"showImageEffects":true,"showParticleSystems":true,"showVisualEffectGraphs":true,"m_FxEnabled":true},"in2DMode":false,"pivot":{"x":0.08786921948194504,"y":4.243470668792725,"z":-1.5465686321258546},"rotation":{"x":-0.06814208626747132,"y":0.7127487659454346,"z":-0.06995013356208801,"w":-0.6946166753768921},"size":8.205060005187989,"orthographic":false}